CHEMBL1201317	5563
CHEMBL1491	2162
CHEMBL1200608	5355130
CHEMBL542	978
CHEMBL1201217	3180
CHEMBL638	71616
CHEMBL329203	7608
CHEMBL846	5280453
CHEMBL374478	5458213
CHEMBL1115	4991
CHEMBL106	3365
CHEMBL76	2719
CHEMBL1201	941651
CHEMBL1887666	10646
CHEMBL1676	9854489
CHEMBL1316	2581
CHEMBL989	6215
CHEMBL490	43815
CHEMBL1437065	4511
CHEMBL970	31640
CHEMBL761	4436
CHEMBL1179	19493
CHEMBL1228	4641
CHEMBL1096885	454216
CHEMBL965	2551
CHEMBL1076347	7547
CHEMBL1201756	3036780
CHEMBL440	3032285
CHEMBL448	4737
CHEMBL1201220	2140
CHEMBL2104232	70695634
CHEMBL1237068	66964417
CHEMBL571	3825
CHEMBL334966	9854012
CHEMBL1200766	31011
CHEMBL626	47641
CHEMBL1493	3354
CHEMBL55400	7099
CHEMBL1201129	451668
CHEMBL19299	3965
CHEMBL1622	6037
CHEMBL81	5035
CHEMBL1539	17134
CHEMBL1445	6446
CHEMBL1434	54675783
CHEMBL1503	4594
CHEMBL253592	5902
CHEMBL1463345	13789
CHEMBL705	449171
CHEMBL484785	44591583
CHEMBL1162	6230
CHEMBL2110626	6615
CHEMBL1201325	24199
CHEMBL822	1549008
CHEMBL3085436	3037981
CHEMBL972	26757
CHEMBL2105385	11226
CHEMBL1495	4642
CHEMBL1744	12460
CHEMBL2403108	57379345
CHEMBL416	4114
CHEMBL583	72474
CHEMBL1554	457193
CHEMBL1450486	11061
CHEMBL1477036	11339
CHEMBL3707307	9862937
CHEMBL1619	20279
CHEMBL566534	68911
CHEMBL1619528	4832
CHEMBL1597	3080
CHEMBL1118	125017
CHEMBL37390	4977
CHEMBL2103752	16135415
CHEMBL483254	6918837
CHEMBL653	3033637
CHEMBL1193	4761
CHEMBL3770406	56646803
CHEMBL2219418	56959087
CHEMBL135	5757
CHEMBL409	2375
CHEMBL24147	5054
CHEMBL1240977	5281087
CHEMBL1622638	7084
CHEMBL981	64929
CHEMBL308954	193962
CHEMBL1100	8280
CHEMBL288441	5328940
CHEMBL911	5732
CHEMBL472	3488
CHEMBL2106161	443935
CHEMBL1201334	25074470
CHEMBL1697849	5284614
CHEMBL1561	441314
CHEMBL1725880	5536
CHEMBL96783	6912
CHEMBL1580	439693
CHEMBL139367	154234
CHEMBL168815	2684
CHEMBL712	2197
CHEMBL494	5311181
CHEMBL727	2723601
CHEMBL114	441243
CHEMBL1200714	2717
CHEMBL1210954	65958
CHEMBL1200853	9051
CHEMBL1341	4116
CHEMBL1129	6256
CHEMBL1488165	65944
CHEMBL606	5282381
CHEMBL785	33572
CHEMBL1471	6918365
CHEMBL160	5284373
CHEMBL1201355	16129675
CHEMBL8085	5962
CHEMBL468837	10518
CHEMBL454446	6437877
CHEMBL990	2484
CHEMBL1201320	9568614
CHEMBL2107830	11949646
CHEMBL429910	9887712
CHEMBL3127326	54767916
CHEMBL1498	6166
CHEMBL23	39186
CHEMBL340801	16106
CHEMBL118	2662
CHEMBL659	9651
CHEMBL472566	6103
CHEMBL2103846	13559281
CHEMBL259209	11622909
CHEMBL435	3639
CHEMBL1093	32170
CHEMBL1043	2955
CHEMBL1233584	6306
CHEMBL115	5362440
CHEMBL2104786	452306
CHEMBL33	149096
CHEMBL3544909	6441383
CHEMBL2105667	9852175
CHEMBL455917	2707
CHEMBL3833301	9977518
CHEMBL1165268	3739
CHEMBL797	6839
CHEMBL1005	60815
CHEMBL108541	6954
CHEMBL1201195	42008
CHEMBL451	2712
CHEMBL708	60854
CHEMBL254328	132971
CHEMBL1517	54675779
CHEMBL1514	15130
CHEMBL2104860	9909202
CHEMBL442	8223
CHEMBL16	1775
CHEMBL567	4748
CHEMBL22150	2710
CHEMBL609	5565
CHEMBL1505	123606
CHEMBL1200570	8567
CHEMBL1256786	3410
CHEMBL1440	54675776
CHEMBL959	5071
CHEMBL605846	11504295
CHEMBL249837	54675785
CHEMBL1618102	160883
CHEMBL1660	6323497
CHEMBL1489	9444
CHEMBL534	3827
CHEMBL1733	107994
CHEMBL3306382	24672
CHEMBL927	6915944
CHEMBL2104627	6436061
CHEMBL2111125	20054992
CHEMBL1094	3331
CHEMBL1355299	7181
CHEMBL802	4201
CHEMBL461522	3111
CHEMBL1697841	22297
CHEMBL1186894	3035016
CHEMBL353972	71310
CHEMBL185073	441289
CHEMBL1350	60937
CHEMBL12856	3698
CHEMBL1182	247
CHEMBL428	62959
CHEMBL141	60825
CHEMBL814	5324346
CHEMBL1201268	49800047
CHEMBL544	9015
CHEMBL777	5280980
CHEMBL17423	5663
CHEMBL1565476	26098
CHEMBL3561695	10154203
CHEMBL643	4927
CHEMBL652	3356
CHEMBL2105689	3003141
CHEMBL493	31101
CHEMBL2059073	19988
CHEMBL985	1176
CHEMBL3544986	12068809
CHEMBL564829	16718576
CHEMBL79	3676
CHEMBL46516	3396
CHEMBL1621597	657309
CHEMBL753	4768
CHEMBL667	187
CHEMBL1200544	62921
CHEMBL1308	3406
CHEMBL1196	4935
CHEMBL1192519	5463984
CHEMBL1201234	3677
CHEMBL2096635	11457650
CHEMBL946	19861
CHEMBL406117	55362
CHEMBL1490	5572
CHEMBL1301	16051925
CHEMBL1464	54678486
CHEMBL403664	5460769
CHEMBL343633	175540
CHEMBL654	4205
CHEMBL1200386	6714002
CHEMBL412873	7014
CHEMBL3544537	69046
CHEMBL3137312	56640146
CHEMBL855	5282443
CHEMBL127	441130
CHEMBL1070	4409
CHEMBL1200979	131204
CHEMBL458875	73115
CHEMBL1405447	10209
CHEMBL1263	5152
CHEMBL1360	47319
CHEMBL1201295	35330
CHEMBL831	3964
CHEMBL2105637	487101
CHEMBL588	3341
CHEMBL253376	2442
CHEMBL226345	190
CHEMBL1451	31307
CHEMBL3301678	90683487
CHEMBL1873475	24821094
CHEMBL1200971	19150
CHEMBL2104761	3034015
CHEMBL787	5281040
CHEMBL1231723	656641
CHEMBL779	110635
CHEMBL1201284	156419
CHEMBL1201313	2795
CHEMBL579	3033702
CHEMBL1372	65359
CHEMBL1615487	35740
CHEMBL1631107	5464355
CHEMBL2110703	26533
CHEMBL220492	5284627
CHEMBL2110596	8966
CHEMBL1084647	46832510
CHEMBL1077896	175805
CHEMBL601	137
CHEMBL495	5280723
CHEMBL849	5564
CHEMBL1354	517045
CHEMBL553025	5311497
CHEMBL762	4636
CHEMBL43068	6287
CHEMBL685	4030
CHEMBL811	6834
CHEMBL550348	6098188
CHEMBL1200694	5206
CHEMBL1404	56959
CHEMBL1016	2541
CHEMBL917	5790
CHEMBL2104461	3563
CHEMBL642	1978
CHEMBL3039597	9898639
CHEMBL2135460	72081
CHEMBL1623738	5457
CHEMBL460	23897
CHEMBL681	667484
CHEMBL267495	6445230
CHEMBL1414320	5362
CHEMBL2105737	24775005
CHEMBL60745	9336
CHEMBL1200490	25074887
CHEMBL396778	131682
CHEMBL63857	4764
CHEMBL3183126	60196264
CHEMBL2103870	16678941
CHEMBL2107774	6433107
CHEMBL1201239	3723
CHEMBL760	2182
CHEMBL2105395	3036505
CHEMBL1201361	5311000
CHEMBL13291	3369
CHEMBL1639	5493444
CHEMBL148	104838
CHEMBL1520	110634
CHEMBL1230914	161500
CHEMBL577	5462501
CHEMBL409542	11663568
CHEMBL312311	6271
CHEMBL1198	4886
CHEMBL954	1548953
CHEMBL12	3016
CHEMBL514800	11561674
CHEMBL1200799	5282226
CHEMBL1249	135300
CHEMBL1201243	5241
CHEMBL2111176	5648
CHEMBL54976	6305
CHEMBL620	2784
CHEMBL836	129211
CHEMBL1389	13109
CHEMBL771	6234
CHEMBL560	441278
CHEMBL1200607	9639
CHEMBL1200622	5281104
CHEMBL31	5379
CHEMBL413	5284616
CHEMBL997	60852
CHEMBL1490300	75905
CHEMBL1496806	16367
CHEMBL734	1990
CHEMBL564085	202225
CHEMBL1144	54687
CHEMBL416755	4628
CHEMBL1619785	71447
CHEMBL1161681	24529
CHEMBL279516	33625
CHEMBL1229211	54726191
CHEMBL455706	28204
CHEMBL3183658	53384398
CHEMBL578	5388962
CHEMBL3039498	11677589
CHEMBL1294	441074
CHEMBL370143	165580
CHEMBL726	3372
CHEMBL1201096	66380
CHEMBL489411	54260
CHEMBL2110739	10938
CHEMBL422	5566
CHEMBL744	5070
CHEMBL1201362	5311051
CHEMBL1200356	19003
CHEMBL1599	30699
CHEMBL1201134	157920
CHEMBL1089221	2313
CHEMBL2107417	3038503
CHEMBL1697744	65632
CHEMBL2110774	6475
CHEMBL2105300	5050
CHEMBL24	2249
CHEMBL1229846	31236
CHEMBL1200922	6151
CHEMBL729	92727
CHEMBL467	3657
CHEMBL2103868	25102846
CHEMBL1200934	6540478
CHEMBL1441	2761171
CHEMBL898	3059
CHEMBL1525	40326
CHEMBL6	3715
CHEMBL606258	72493
CHEMBL3833408	44152596
CHEMBL17962	6274
CHEMBL1449	36921
CHEMBL109	3121
CHEMBL1200507	3724
CHEMBL1224	5284514
CHEMBL385517	11243969
CHEMBL282052	6292
CHEMBL809	68617
CHEMBL821	3520
CHEMBL1399	2187
CHEMBL422648	65947
CHEMBL1201187	3002977
CHEMBL2365712	168871
CHEMBL1200656	5284447
CHEMBL546	4631
CHEMBL1094966	4845
CHEMBL1256472	6252
CHEMBL1556	6021
CHEMBL170988	8249
CHEMBL741	3878
CHEMBL923	5245
CHEMBL2111066	3781
CHEMBL1200558	10909430
CHEMBL21731	4011
CHEMBL175247	3034010
CHEMBL1688852	9850878
CHEMBL2107831	49843517
CHEMBL1182833	5281042
CHEMBL87708	3947
CHEMBL1736	2528
CHEMBL871	3305
CHEMBL1643	37542
CHEMBL152067	68770
CHEMBL224436	5282165
CHEMBL857	171548
CHEMBL105608	93550
CHEMBL1199324	219090
CHEMBL1741	84029
CHEMBL178	30323
CHEMBL766	6435415
CHEMBL2105348	71741
CHEMBL170052	71186
CHEMBL1743263	114948
CHEMBL742	3821
CHEMBL1272	65981
CHEMBL2105760	11978813
CHEMBL607	4058
CHEMBL689	6251
CHEMBL223228	64139
CHEMBL558913	23725126
CHEMBL498466	21724551
CHEMBL2105605	5632
CHEMBL514446	6674
CHEMBL69308	5282203
CHEMBL839	2583
CHEMBL487253	65628
CHEMBL2110588	23652731
CHEMBL455	5320
CHEMBL1200907	656583
CHEMBL783	5311309
CHEMBL1902981	3236
CHEMBL5	4421
CHEMBL426926	68682
CHEMBL509	4037
CHEMBL1200945	25513
CHEMBL1200596	2722
CHEMBL477874	9528
CHEMBL1213351	10100
CHEMBL1626	26987
CHEMBL1373	4236
CHEMBL285802	5736
CHEMBL2104208	6526
CHEMBL1480	3333
CHEMBL486208	6552009
CHEMBL848	216326
CHEMBL58	4212
CHEMBL184412	208898
CHEMBL1550	5284607
CHEMBL174	6249
CHEMBL1200736	11029
CHEMBL1679	6006
CHEMBL273264	4413
CHEMBL1909072	6761
CHEMBL782	5505
CHEMBL683	2797
CHEMBL1200610	5284584
CHEMBL2110824	50225
CHEMBL92161	66901
CHEMBL1201772	6918456
CHEMBL41355	121892
CHEMBL218490	5284549
CHEMBL897	4911
CHEMBL572	6604200
CHEMBL1200666	5288783
CHEMBL1197	10770
CHEMBL1200668	5284359
CHEMBL1442422	9419
CHEMBL127643	6857
CHEMBL1625	4632
CHEMBL888	60750
CHEMBL250270	65866
CHEMBL533	60753
CHEMBL1736151	3275
CHEMBL1087630	4622
CHEMBL3739769	23453101
CHEMBL1082407	15951529
CHEMBL1201338	2905
CHEMBL506	4908
CHEMBL91397	133017
CHEMBL1201165	9046
CHEMBL1762	38945
CHEMBL604608	439709
CHEMBL252556	3686
CHEMBL1201776	9838022
CHEMBL2095208	25151504
CHEMBL127592	4621
CHEMBL2107516	6419536
CHEMBL1201219	39765
CHEMBL54943	594
CHEMBL2105618	70695647
CHEMBL419	3998
CHEMBL592435	9953065
CHEMBL2106989	165675
CHEMBL1248	10197600
CHEMBL1274	4493
CHEMBL1200568	61680
CHEMBL514	3950
CHEMBL691	5991
CHEMBL1023	82146
CHEMBL773	750
CHEMBL1535	3652
CHEMBL1201251	60789
CHEMBL1201232	3775
CHEMBL1788401	35803
CHEMBL1139	5282411
CHEMBL92401	3748
CHEMBL245807	31315
CHEMBL1103	5323714
CHEMBL2105722	68783
CHEMBL59	681
CHEMBL1201798	3085017
CHEMBL1443	8982
CHEMBL866	446541
CHEMBL1201321	34328
CHEMBL54	3559
CHEMBL1106	3241
CHEMBL1235872	444237
CHEMBL1502	4679
CHEMBL2105909	71365
CHEMBL1630	16051921
CHEMBL1900528	5487427
CHEMBL1398654	6244
CHEMBL1201056	5322
CHEMBL492	37497
CHEMBL100259	6029
CHEMBL1237054	52945526
CHEMBL180570	16124
CHEMBL47	14985
CHEMBL1655	3005573
CHEMBL1002	123600
CHEMBL409153	6918485
CHEMBL3039471	6473883
CHEMBL1425	667490
CHEMBL1615777	135326
CHEMBL452859	65780
CHEMBL1233511	890
CHEMBL1521	5719
CHEMBL220491	68844
CHEMBL471737	132999
CHEMBL3545432	56844015
CHEMBL2147777	11949652
CHEMBL2110788	66248
CHEMBL290578	33309
CHEMBL445	4543
CHEMBL269732	445643
CHEMBL1200342	443928
CHEMBL1138	150311
CHEMBL1447	3000540
CHEMBL1537	6479523
CHEMBL1257051	11234049
CHEMBL1062	6238
CHEMBL1336	216239
CHEMBL9	4539
CHEMBL1790041	5039
CHEMBL1201754	129228
CHEMBL1951143	9870652
CHEMBL1200685	66376
CHEMBL713	153941
CHEMBL14060	996
CHEMBL1697737	2811
CHEMBL189963	5330286
CHEMBL1902627	2810
CHEMBL864	2564
CHEMBL716	5002
CHEMBL90593	5881
CHEMBL1007	638793
CHEMBL1200359	5326
CHEMBL2218885	21872805
CHEMBL770	5504
CHEMBL411	448537
CHEMBL1200555	3738
CHEMBL1201151	6291
CHEMBL1670	4211
CHEMBL612	5826
CHEMBL1433	54671203
CHEMBL1173055	9931954
CHEMBL2104895	5205
CHEMBL1536	5280793
CHEMBL459265	3468
CHEMBL1590	7028
CHEMBL158	5742832
CHEMBL1533	40973
CHEMBL1207444	71327
CHEMBL1541	5362065
CHEMBL7728	3608
CHEMBL434394	71301
CHEMBL1371	2733
CHEMBL1534	493570
CHEMBL589586	5369209
CHEMBL1201388	31378
CHEMBL2133806	46911863
CHEMBL443052	11499245
CHEMBL1291	31477
CHEMBL238804	9913767
CHEMBL967	5391
CHEMBL117785	6018
CHEMBL1201287	16960
CHEMBL658	41693
CHEMBL1177	4723
CHEMBL796	4158
CHEMBL20883	5386
CHEMBL523	2997
CHEMBL1201203	1201549
CHEMBL268869	5330
CHEMBL452231	452548
CHEMBL1229517	42611257
CHEMBL3350037	13690207
CHEMBL1200829	7027
CHEMBL1200453	12620
CHEMBL231813	3010818
CHEMBL1200600	9878
CHEMBL452	2802
CHEMBL92870	3926
CHEMBL240163	65957
CHEMBL1233	2576
CHEMBL2218896	39860
CHEMBL590799	2536
CHEMBL1079604	15459
CHEMBL53463	31703
CHEMBL1751	2724385
CHEMBL395429	439302
CHEMBL1201224	9570757
CHEMBL389621	5754
CHEMBL830	3009
CHEMBL108436	8158
CHEMBL427069	6321411
CHEMBL621	5533
CHEMBL832	5342
CHEMBL449	2479
CHEMBL2105345	15004
CHEMBL111	104850
CHEMBL1764	72287
CHEMBL609109	9429
CHEMBL1201182	6918289
CHEMBL1201747	19371515
CHEMBL70566	3042090
CHEMBL1200680	24087
CHEMBL2104036	12551
CHEMBL1201191	1549000
CHEMBL934	4174
CHEMBL1200690	644076
CHEMBL1224207	49865963
CHEMBL1256841	4472
CHEMBL369475	5362471
CHEMBL1725	3736
CHEMBL1626223	708857
CHEMBL1540	4725
CHEMBL476	5351166
CHEMBL1037	38521
CHEMBL1516	158781
CHEMBL561	3948
CHEMBL1551	31401
CHEMBL867	3735
CHEMBL1201131	5794
CHEMBL55	4735
CHEMBL315838	48041
CHEMBL1017	65999
CHEMBL32838	6917655
CHEMBL1882461	31800
CHEMBL765	3518
CHEMBL537	785
CHEMBL1201147	22571
CHEMBL650	6741
CHEMBL354541	9853053
CHEMBL470670	16666
CHEMBL291747	6288
CHEMBL709	2092
CHEMBL1020	5509
CHEMBL41	3386
CHEMBL1518	657298
CHEMBL1089	3675
CHEMBL1236962	25167777
CHEMBL1384	6032
CHEMBL469	3826
CHEMBL128988	33334
CHEMBL646	5556
CHEMBL475903	11475094
CHEMBL615	6869
CHEMBL637	5656
CHEMBL1237021	213046
CHEMBL1088	4078
CHEMBL340978	39941
CHEMBL2107455	124246
CHEMBL1200660	12597
CHEMBL358040	4538
CHEMBL58323	219078
CHEMBL982	5284594
CHEMBL2107457	3792
CHEMBL315985	9881504
CHEMBL1172	124087
CHEMBL135400	5735
CHEMBL1314	5483
CHEMBL2104662	6917795
CHEMBL415606	16136245
CHEMBL566315	447715
CHEMBL33986	5361092
CHEMBL1200374	60198
CHEMBL1908331	6917906
CHEMBL193240	449193
CHEMBL86	4168
CHEMBL211456	9294
CHEMBL553	176870
CHEMBL49	2477
CHEMBL1201248	62887
CHEMBL1200468	4004
CHEMBL1200774	5876
CHEMBL464	5282375
CHEMBL1624	5819
CHEMBL596	3345
CHEMBL46	4595
CHEMBL1342	10413
CHEMBL1614	28620
CHEMBL2170177	24753719
CHEMBL511115	151170
CHEMBL1201784	6433083
CHEMBL2010601	16220172
CHEMBL1201288	6914273
CHEMBL817	5503
CHEMBL304902	16351
CHEMBL1398031	6603935
CHEMBL2105979	11071
CHEMBL1182210	2335
CHEMBL1739	24244
CHEMBL1569746	23676755
CHEMBL1697833	25223
CHEMBL717	6279
CHEMBL706	2682
CHEMBL76370	5362436
CHEMBL1542	2265
CHEMBL2111030	14670
CHEMBL189	4197
CHEMBL376685	16051933
CHEMBL1200732	443958
CHEMBL1265	60164
CHEMBL1201039	2343
CHEMBL254316	54671008
CHEMBL1278	4440
CHEMBL1697767	9470
CHEMBL137	4173
CHEMBL1200585	5281034
CHEMBL1436	5479529
CHEMBL282724	216235
CHEMBL1697851	6762
CHEMBL1370	5281004
CHEMBL3275188	7606
CHEMBL1201346	5362070
CHEMBL730	4510
CHEMBL44657	36462
CHEMBL36	4993
CHEMBL261641	9549297
CHEMBL239243	1123
CHEMBL810	5394
CHEMBL1112	60795
CHEMBL186	5479537
CHEMBL501122	9852981
CHEMBL83668	5510
CHEMBL270190	5488548
CHEMBL834	4674
CHEMBL1113	2170
CHEMBL1201407	5311236
CHEMBL1684	2315
CHEMBL417	41867
CHEMBL1757	446987
CHEMBL631	4932
CHEMBL1201266	44564
CHEMBL1601669	5282181
CHEMBL2104816	20266
CHEMBL1418176	6300
CHEMBL2105293	6617
CHEMBL334491	68778
CHEMBL121	77999
CHEMBL524	6082
CHEMBL2221250	73952296
CHEMBL119443	443884
CHEMBL435298	72099
CHEMBL715	4585
CHEMBL1509	68873
CHEMBL2146126	3028194
CHEMBL1303	59227
CHEMBL3740903	45357115
CHEMBL1166	92722
CHEMBL2107834	11304743
CHEMBL1009	6047
CHEMBL2105581	47979
CHEMBL1201319	5906
CHEMBL186720	7077
CHEMBL1201794	643976
CHEMBL291962	6106
CHEMBL171679	134601
CHEMBL1000	2678
CHEMBL942	2391
CHEMBL1725250	4613
CHEMBL19	4100
CHEMBL1201222	11597698
CHEMBL1117	42890
CHEMBL1187833	11519070
CHEMBL425	5462337
CHEMBL1413199	6719
CHEMBL1605443	54158
CHEMBL423	2369
CHEMBL1206	3290
CHEMBL1256391	40632
CHEMBL526	4943
CHEMBL105	5746
CHEMBL671	5453
CHEMBL969	4890
CHEMBL477772	10113978
CHEMBL829	5574
CHEMBL657	3100
CHEMBL1201168	3759
CHEMBL1591	54680690
CHEMBL591	5281077
CHEMBL398435	9871419
CHEMBL1201760	10178705
CHEMBL464345	10690
CHEMBL75753	155774
CHEMBL1237	5362119
CHEMBL2103756	70695610
CHEMBL108358	457954
CHEMBL1201213	3762
CHEMBL525610	16132393
CHEMBL1306	441383
CHEMBL1286	5284583
CHEMBL768	59768
CHEMBL233406	24436
CHEMBL415	2801
CHEMBL595	4829
CHEMBL978	1993
CHEMBL1159717	5606
CHEMBL1727	27447
CHEMBL842	2720
CHEMBL415324	5282230
CHEMBL1189513	9553856
CHEMBL645	2405
CHEMBL597	5775
CHEMBL507870	3081362
CHEMBL1200598	3032325
CHEMBL22587	55283
CHEMBL931	3562
CHEMBL2103867	70693500
CHEMBL284348	1727
CHEMBL1201345	8771
CHEMBL42	2818
CHEMBL1560	44093
CHEMBL129	35370
CHEMBL813	5281037
CHEMBL2159122	11250029
CHEMBL3707331	10311306
CHEMBL844	2435
CHEMBL3301668	16681432
CHEMBL429	3869
CHEMBL1235535	7510
CHEMBL1652	2131
CHEMBL3317857	56649692
CHEMBL6622	6883
CHEMBL939	123631
CHEMBL1008	2351
CHEMBL957	104865
CHEMBL406	3702
CHEMBL417007	10430040
CHEMBL576127	3344
CHEMBL1387	6231
CHEMBL549473	3109
CHEMBL1483	2082
CHEMBL996	441199
CHEMBL723	2585
CHEMBL1201109	5311066
CHEMBL636	77991
CHEMBL1200515	8550
CHEMBL1305	2200
CHEMBL360055	3450
CHEMBL12198	602
CHEMBL480	3883
CHEMBL232202	440936
CHEMBL180022	9915743
CHEMBL2103749	16129704
CHEMBL1441961	5282219
CHEMBL979	4064
CHEMBL1194	4906
CHEMBL808	3198
CHEMBL2105435	5217
CHEMBL424	338
CHEMBL2362906	13218779
CHEMBL1279	77992
CHEMBL2105075	3360
CHEMBL1075	34633
CHEMBL84	60700
CHEMBL1201405	55331
CHEMBL2105458	27901
CHEMBL1068	34312
CHEMBL1617	6436173
CHEMBL580	3958
CHEMBL1289926	6450551
CHEMBL1773	60953
CHEMBL1201353	33036
CHEMBL788	5905
CHEMBL1201210	4940
CHEMBL1663	6432
CHEMBL1697829	65755
CHEMBL2063090	44603531
CHEMBL54922	145742
CHEMBL2104900	22425
CHEMBL2095212	9865528
CHEMBL827	154101
CHEMBL1730	5742673
CHEMBL154126	98941
CHEMBL2141296	25183872
CHEMBL3545110	44631912
CHEMBL1201261	5611
CHEMBL1201746	148121
CHEMBL1239	2345
CHEMBL1200862	441350
CHEMBL1201206	50192
CHEMBL1201274	60657
CHEMBL27810	2663
CHEMBL702	43672
CHEMBL405110	6099
CHEMBL1201139	11683
CHEMBL570	5568
CHEMBL64	3767
CHEMBL83906	11350
CHEMBL277535	2378
CHEMBL878	4170
CHEMBL701	2284
CHEMBL1131	5284513
CHEMBL505132	3002143
CHEMBL1201271	6729
CHEMBL1201075	3743
CHEMBL778	5311068
CHEMBL1173655	10184653
CHEMBL251940	4747
CHEMBL568	4616
CHEMBL1908311	15662541
CHEMBL491571	73303
CHEMBL177	37768
CHEMBL1200810	5281107
CHEMBL1201198	57697
CHEMBL1255	712
CHEMBL1222251	892
CHEMBL3084803	5284517
CHEMBL477	60961
CHEMBL243712	2159
CHEMBL225072	446556
CHEMBL3187032	62277
CHEMBL1095	3292
CHEMBL90	774
CHEMBL603	5717
CHEMBL1574	4771
CHEMBL69998	208910
CHEMBL669	2895
CHEMBL1398373	636397
CHEMBL2105755	54732242
CHEMBL406393	222528
CHEMBL2107342	59364992
CHEMBL1200751	2724350
CHEMBL466246	502272
CHEMBL1180725	4934
CHEMBL52	4534
CHEMBL684	3052
CHEMBL218394	10324367
CHEMBL25	2244
CHEMBL820	2478
CHEMBL83	2733526
CHEMBL330546	107689
CHEMBL1271	5850
CHEMBL1101	2381
CHEMBL1201322	5456
CHEMBL651	4095
CHEMBL1200706	10176082
CHEMBL1241	5587
CHEMBL1200617	5311412
CHEMBL852	460612
CHEMBL1455	2123
CHEMBL1201758	164522
CHEMBL964	3117
CHEMBL2105275	7558
CHEMBL720	244
CHEMBL36506	54675769
CHEMBL1072	2471
CHEMBL2028663	44462760
CHEMBL21	5333
CHEMBL1972224	89216
CHEMBL1200633	9812710
CHEMBL386630	6013
CHEMBL1191	5328
CHEMBL131	5755
CHEMBL54126	8246
CHEMBL1276258	52943456
CHEMBL2111101	10071196
CHEMBL1448	4477
CHEMBL8	2764
CHEMBL3039583	73348210
CHEMBL276832	3637
CHEMBL772	5770
CHEMBL509924	11954369
CHEMBL1218	208902
CHEMBL2106329	65646
CHEMBL1200614	3741
CHEMBL450	4099
CHEMBL432103	4853
CHEMBL1771	60606
CHEMBL185	3385
CHEMBL1651913	5489013
CHEMBL1732	10531
CHEMBL1421	3062316
CHEMBL1054	5560
CHEMBL1697842	10599
CHEMBL2104294	3091
CHEMBL563	3394
CHEMBL1201262	3105
CHEMBL1229908	9363
CHEMBL224325	6301
CHEMBL152	60613
CHEMBL316157	5773
CHEMBL134	2803
CHEMBL415284	5284595
CHEMBL2110926	10734
CHEMBL404520	54675777
CHEMBL1697830	5284533
CHEMBL2107117	3033151
CHEMBL46740	154257
CHEMBL312448	5709
CHEMBL511142	9848990
CHEMBL520400	72075
CHEMBL25202	108143
CHEMBL316257	26197
CHEMBL229383	44424838
CHEMBL545	702
CHEMBL357995	44112
CHEMBL1200959	14677
CHEMBL576	1110
CHEMBL1185	60857
CHEMBL124211	11117
CHEMBL562	441140
CHEMBL2074922	119171
CHEMBL410414	9917862
CHEMBL1683590	11354606
CHEMBL1201027	11693
CHEMBL56367	4495
CHEMBL267345	118705500
CHEMBL1201328	18104
CHEMBL557555	2763
CHEMBL70418	2789
CHEMBL1200737	452110
CHEMBL1200845	443943
CHEMBL24778	5312125
CHEMBL1252	16131215
CHEMBL3137326	45255840
CHEMBL1201087	54746
CHEMBL286452	68570
CHEMBL387675	16134395
CHEMBL547	5282379
CHEMBL374731	159269
CHEMBL204656	5277135
CHEMBL167911	3039
CHEMBL37161	3334
CHEMBL1237119	6918140
CHEMBL34259	126941
CHEMBL1229	65028
CHEMBL52440	5360696
CHEMBL673	4688
CHEMBL1431	4091
CHEMBL1174	448812
CHEMBL1095097	443872
CHEMBL1200868	8609
CHEMBL16699	42723
CHEMBL126	441401
CHEMBL17	3038
CHEMBL963	5284604
CHEMBL372795	19649
CHEMBL1096562	157922
CHEMBL1215	6041
CHEMBL1738990	200742
CHEMBL107	6167
CHEMBL1589896	3609
CHEMBL1644	47965
CHEMBL1077	60726
CHEMBL80	5284596
CHEMBL2106589	71734
CHEMBL29	5904
CHEMBL428880	2882
CHEMBL11298	5951
CHEMBL601719	11626560
CHEMBL1146	456255
CHEMBL1231649	5287879
CHEMBL584	64143
CHEMBL941	5291
CHEMBL360328	11658860
CHEMBL2303618	20055063
CHEMBL206253	6451149
CHEMBL1231	4634
CHEMBL512351	10275777
CHEMBL2366014	72160
CHEMBL2023898	25154714
CHEMBL36633	4626
CHEMBL1201294	13505
CHEMBL1094636	24958200
CHEMBL1201360	5311167
CHEMBL104	2812
CHEMBL20835	1979
CHEMBL414357	16157882
CHEMBL2106871	15063
CHEMBL497613	9920539
CHEMBL142438	947
CHEMBL1201263	84088
CHEMBL466659	6518
CHEMBL1643895	108000
CHEMBL53	6005
CHEMBL3	89594
CHEMBL416146	123619
CHEMBL592	5359272
CHEMBL1697766	4744
CHEMBL86715	4919
CHEMBL521686	23725625
CHEMBL92915	22565
CHEMBL1472	638678
CHEMBL196	54670067
CHEMBL237500	10096344
CHEMBL90555	5978
CHEMBL1496	446157
CHEMBL1018	667476
CHEMBL3301669	16134627
CHEMBL193	4485
CHEMBL48361	216210
CHEMBL622	3308
CHEMBL1393	5833
CHEMBL1514715	17506
CHEMBL2097081	11963622
CHEMBL1405	5870
CHEMBL170	3034034
CHEMBL2110700	6067
CHEMBL108	2554
CHEMBL2028019	11154555
CHEMBL1908315	5282237
CHEMBL1487	60823
CHEMBL528	6533629
CHEMBL18442	65015
CHEMBL22498	5929
CHEMBL567597	9838675
CHEMBL1167	15541
CHEMBL1712170	5359271
CHEMBL1179047	8612
CHEMBL549	2771
CHEMBL139	3033
CHEMBL1201749	443936
CHEMBL2111003	70691438
CHEMBL634	51263
CHEMBL550	5910
CHEMBL14376	71360
CHEMBL529	447043
CHEMBL639	2267
CHEMBL49080	2783
CHEMBL2111014	27490
CHEMBL1276308	55245
CHEMBL70972	2449
CHEMBL1868702	27812
CHEMBL356479	21782
CHEMBL1885437	3245
CHEMBL1617285	40247
CHEMBL1888176	5284632
CHEMBL833	5472
CHEMBL1200	4633
CHEMBL325041	387447
CHEMBL3137309	49846579
CHEMBL2	4893
CHEMBL1466	54676038
CHEMBL1734	154059
CHEMBL1107	37393
CHEMBL1796997	23987
CHEMBL94	5983
CHEMBL1201117	4107
CHEMBL42336	6137
CHEMBL1789941	25126798
CHEMBL408	5591
CHEMBL314854	107970
CHEMBL254219	441207
CHEMBL2110773	20054871
CHEMBL125	3599
CHEMBL660	2130
CHEMBL1292	2794
CHEMBL1201752	6445540
CHEMBL968	3393
CHEMBL1073	3478
CHEMBL3792763	460392
CHEMBL454	2481
CHEMBL2325741	25227436
CHEMBL1044	999
CHEMBL895	5311304
CHEMBL218650	6480466
CHEMBL1200647	10079874
CHEMBL190	2153
CHEMBL1219	5029
CHEMBL558	4178
CHEMBL1201212	4195
CHEMBL1095777	6918554
CHEMBL1200391	6503
CHEMBL633	2157
CHEMBL625	5430
CHEMBL114655	4567
CHEMBL1697771	5042
CHEMBL235668	6323266
CHEMBL502835	9809715
CHEMBL2111099	204108
CHEMBL13828	4615
CHEMBL1042	5280795
CHEMBL936	3055
CHEMBL46102	5105
CHEMBL98	5311
CHEMBL2105953	6537431
CHEMBL289469	3510
CHEMBL862	3519
CHEMBL319706	11771731
CHEMBL608	4912
CHEMBL1206690	119828
CHEMBL301267	3000469
CHEMBL932	3108
CHEMBL1200788	656684
CHEMBL422330	5311253
CHEMBL2105897	24414
CHEMBL132767	5531
CHEMBL1237122	5281075
CHEMBL896	3658
CHEMBL1501	9642
CHEMBL1190	2968
CHEMBL1165	91270
CHEMBL1544	5920
CHEMBL1201196	65863
CHEMBL1082	33613
CHEMBL267044	688272
CHEMBL295433	60605
CHEMBL1399124	6769
CHEMBL1200604	5593
CHEMBL157548	71335
CHEMBL451887	11556711
CHEMBL2104385	70697633
CHEMBL1963683	9868491
CHEMBL249856	53708
CHEMBL1261	311
CHEMBL1201273	4969
CHEMBL1411979	4098
CHEMBL1200889	49800036
CHEMBL1083659	24965990
CHEMBL1220	5479
CHEMBL781	4020
CHEMBL2105487	402
CHEMBL264241	166548
CHEMBL1187011	3149
CHEMBL3039514	71661251
CHEMBL589	5095
CHEMBL581	62956
CHEMBL373742	644077
CHEMBL559	8730
CHEMBL2104993	9966051
CHEMBL714	2083
CHEMBL623	4449
CHEMBL780	3053
CHEMBL427	4033
CHEMBL1200689	145068
CHEMBL1747	36294
CHEMBL2304327	49863538
CHEMBL24646	4823
CHEMBL403	130313
CHEMBL44354	5481173
CHEMBL3039525	16118392
CHEMBL1908841	149436
CHEMBL398707	5284570
CHEMBL2104987	70683012
CHEMBL103	5994
CHEMBL1059	5486971
CHEMBL1029	51634
CHEMBL1236970	32051
CHEMBL696	3291
CHEMBL1428	4497
CHEMBL1766	5311067
CHEMBL1774461	24822371
CHEMBL2079587	25249
CHEMBL1531	6917715
CHEMBL566752	11501341
CHEMBL1726	4499
CHEMBL1479	28417
CHEMBL980	3516
CHEMBL1423	16362
CHEMBL301523	6140
CHEMBL485696	5343
CHEMBL1525826	9047
CHEMBL573	938
CHEMBL493982	10077130
CHEMBL6966	2520
CHEMBL175691	6451164
CHEMBL443	5329
CHEMBL815	5280363
CHEMBL1201864	68861
CHEMBL421	5353980
CHEMBL1460	50599
CHEMBL1668	5280954
CHEMBL501849	24873435
CHEMBL1187846	11968014
CHEMBL951	7458
CHEMBL1377	6178111
CHEMBL600	12035
CHEMBL1200454	110632
CHEMBL1200807	9568628
CHEMBL9225	192197
CHEMBL531	47811
CHEMBL925	6057
CHEMBL960	3899
CHEMBL61006	4786
CHEMBL1577	4121
CHEMBL1071	4614
CHEMBL1605	5282242
CHEMBL1201270	4101
CHEMBL1289	3561
CHEMBL3182355	25015
CHEMBL1508	146570
CHEMBL205596	221493
CHEMBL144673	3607
CHEMBL1480987	2893
CHEMBL1688530	16136912
CHEMBL697	6476
CHEMBL1571	13769
CHEMBL945	16231
CHEMBL847	4612
CHEMBL710	57363
CHEMBL1206440	7533
CHEMBL231068	6918248
CHEMBL1738	71384
CHEMBL1450	74989
CHEMBL1108	3168
CHEMBL1121	9833444
CHEMBL184	2022
CHEMBL15770	1548887
CHEMBL1489254	5541
CHEMBL1027	60648
CHEMBL222813	60855
CHEMBL2104404	6918632
CHEMBL2104624	3032307
CHEMBL1584	19675
CHEMBL35	3440
CHEMBL489326	44565117
CHEMBL305380	2475
CHEMBL1346	444031
CHEMBL457	3463
CHEMBL1065	9681
CHEMBL2103872	71457955
CHEMBL1200936	22502
CHEMBL594	3219
CHEMBL1213353	20749
CHEMBL668	4976
CHEMBL19019	5360515
CHEMBL2096623	56928188
CHEMBL47050	33630
CHEMBL116	65016
CHEMBL1293	5280489
CHEMBL1200790	4162
CHEMBL1055	2732
CHEMBL1963681	9869929
CHEMBL608533	9829523
CHEMBL1201201	10836
CHEMBL776	4086
CHEMBL2106357	10617
CHEMBL1200584	23690428
CHEMBL15891	727
CHEMBL1587	4870
CHEMBL498	2727
CHEMBL84158	5467
CHEMBL367149	445580
CHEMBL346977	3089
CHEMBL506247	16129778
CHEMBL1430	5852
CHEMBL51149	1234
CHEMBL32573	5524
CHEMBL3137327	76322221
CHEMBL1201780	121396
CHEMBL1371412	72157
CHEMBL85	5073
CHEMBL95855	9507
CHEMBL728	4917
CHEMBL1525287	5859
CHEMBL2040682	6918155
CHEMBL1161632	767
CHEMBL89598	5665
CHEMBL870	2088
CHEMBL159	13342
CHEMBL2106830	4854
CHEMBL3039567	73357346
CHEMBL18	3295
CHEMBL295698	47576
CHEMBL686	4044
CHEMBL1524273	4806
CHEMBL1201046	43507
CHEMBL255863	644241
CHEMBL1865135	5476
CHEMBL2105567	21743
CHEMBL502	3152
CHEMBL1481	3476
CHEMBL1201753	5282452
CHEMBL184618	8378
CHEMBL1234579	948
CHEMBL474579	53025
CHEMBL1214124	9924495
CHEMBL564	4926
CHEMBL680	51039
CHEMBL290960	6842999
CHEMBL446	5327
CHEMBL569	4914
CHEMBL1290	37464
CHEMBL97137	9570438
CHEMBL452076	5282138
CHEMBL1004	3162
CHEMBL1200963	5311027
CHEMBL1201189	119432
CHEMBL677	164739
CHEMBL1504	6436
CHEMBL1682	5780
CHEMBL152231	2169
CHEMBL2110725	10629256
CHEMBL1079	5487
CHEMBL1774055	25099184
CHEMBL2103855	25025298
CHEMBL1444	3902
CHEMBL1201193	92253
CHEMBL1148	41781
CHEMBL905	5078
CHEMBL229128	4059
CHEMBL4	4583
CHEMBL1738797	49806720
CHEMBL575060	33032
CHEMBL2103774	444008
CHEMBL1201227	2911
CHEMBL3397300	57390074
CHEMBL2105041	21878
CHEMBL719	446596
CHEMBL43452	134780
CHEMBL1730601	54679224
CHEMBL2111112	9930049
CHEMBL2042122	15950376
CHEMBL1201192	9690109
CHEMBL1110	2099
CHEMBL1201264	4097
CHEMBL1201236	34359
CHEMBL16694	54680692
CHEMBL1908370	11567473
CHEMBL192	5212
CHEMBL398440	2723
CHEMBL130	5959
CHEMBL1328219	91734
CHEMBL1237046	54682938
CHEMBL1182247	16958
CHEMBL2048484	24812758
CHEMBL1200866	9873
CHEMBL1484	4474
CHEMBL1175	60835
CHEMBL504	679
CHEMBL2104700	4249
CHEMBL1454	26879
CHEMBL1297	3342
CHEMBL1589	1989
CHEMBL1201229	5966
CHEMBL2103837	11001318
CHEMBL1123	3042
CHEMBL3707372	122197547
CHEMBL1086440	50248
CHEMBL1189679	6337614
CHEMBL655	4192
CHEMBL869	5447130
CHEMBL43064	1547484
CHEMBL3301675	16158208
CHEMBL1621	115237
CHEMBL2105711	46908928
CHEMBL1257753	204103
CHEMBL1200370	7187
CHEMBL471	5253
CHEMBL674	449381
CHEMBL2110646	656603
CHEMBL1201352	5311399
CHEMBL1435	33255
CHEMBL1201208	4762
CHEMBL1201283	49800004
CHEMBL1515611	2447
CHEMBL1200338	55329
CHEMBL404215	4904
CHEMBL1475	5585
CHEMBL71	2726
CHEMBL37853	5311053
CHEMBL1200761	11289
CHEMBL222645	21319
CHEMBL2111107	70693550
CHEMBL488	2145
CHEMBL473417	24776445
CHEMBL1242	4756
CHEMBL2110862	10610
CHEMBL1208	2762
CHEMBL908	667467
CHEMBL127487	10839
CHEMBL1359	150610
CHEMBL1237044	5523
CHEMBL2105128	8992
CHEMBL641	54841
CHEMBL1443577	6634
CHEMBL1201891	189821
CHEMBL640	4913
CHEMBL703	5314
CHEMBL498847	71815
CHEMBL503	53232
CHEMBL1200937	6323289
CHEMBL8659	445639
CHEMBL431	5311447
CHEMBL3545184	71511839
CHEMBL2096648	636363
CHEMBL2106411	65667
CHEMBL1457	5284569
CHEMBL893	18381
CHEMBL2028850	6918173
CHEMBL2107720	3824
CHEMBL548	5280360
CHEMBL1201774	44257
CHEMBL484	60172
CHEMBL1397	468595
CHEMBL1200547	168060
CHEMBL1201404	441335
CHEMBL19490	5733
CHEMBL221886	36119
CHEMBL611	5401
CHEMBL408513	6918638
CHEMBL1221	5318
CHEMBL2105131	4047
CHEMBL2110922	71927
CHEMBL891	6098
CHEMBL1601	43594
CHEMBL1697845	5858
CHEMBL644	5584
CHEMBL1482	2370
CHEMBL376488	5388906
CHEMBL439849	6918314
CHEMBL1201309	49800011
CHEMBL502384	5799
CHEMBL2205250	71454116
CHEMBL2104391	16137271
CHEMBL297302	16363
CHEMBL940	3446
CHEMBL860	667477
CHEMBL1672	6335986
CHEMBL757	9904
CHEMBL87385	5372683
CHEMBL1532	6307
CHEMBL9967	4848
CHEMBL1615784	4274
CHEMBL3426621	9863672
CHEMBL2107192	70697657
CHEMBL1583	441397
CHEMBL1201173	247839
CHEMBL363295	23480
CHEMBL221959	9926791
CHEMBL649	39147
CHEMBL453	5344
CHEMBL1102	3487
CHEMBL647	2216
CHEMBL3621988	12136798
CHEMBL2103758	70691388
CHEMBL1575	259331
CHEMBL1234004	28486
CHEMBL853	24066
CHEMBL361812	123879
CHEMBL1201225	807
CHEMBL1763	3647
CHEMBL1021	151075
CHEMBL1615438	54385
CHEMBL1527608	50942
CHEMBL1585	4842
CHEMBL1467	2094
CHEMBL930	5961
CHEMBL2095207	14989482
CHEMBL1257	3226
CHEMBL1395	6010
CHEMBL290916	4021
CHEMBL458769	6034
CHEMBL1201197	3086677
CHEMBL3736045	447043
CHEMBL1908391	10074640
CHEMBL2103873	16004692
CHEMBL1614637	272833
CHEMBL2106347	6607
CHEMBL803	6253
CHEMBL1311	27661
CHEMBL556	2973
CHEMBL679	5816
CHEMBL460026	446284
CHEMBL900	4601
CHEMBL2110746	10764
CHEMBL267744	38409
CHEMBL1568	657237
CHEMBL1358	104741
CHEMBL1687	9917490
CHEMBL2107215	5752
CHEMBL344159	216237
CHEMBL2105224	5311356
CHEMBL1164729	134018
CHEMBL535	5329102
CHEMBL1201204	636405
CHEMBL1200969	6918296
CHEMBL865	119607
CHEMBL1200932	65492
CHEMBL2103822	10220503
CHEMBL635	5865
CHEMBL163672	12604
CHEMBL305660	3191
CHEMBL57	4463
CHEMBL1689063	9835049
CHEMBL27	4946
CHEMBL1194666	7029
CHEMBL1289601	9823820
CHEMBL1589793	12450
CHEMBL926	36811
CHEMBL57242	9825285
CHEMBL461101	25181561
CHEMBL894	444
CHEMBL122	5090
CHEMBL2105317	9886190
CHEMBL1364	1054
CHEMBL1296	43708
CHEMBL1566956	5597
CHEMBL1897362	9454
CHEMBL22108	21855
CHEMBL1987462	2292
CHEMBL1419	5210
CHEMBL1382	443879
CHEMBL1040	5283731
CHEMBL2104790	6257
CHEMBL1136	3002190
CHEMBL1576	3284
CHEMBL1201392	16490
CHEMBL1374379	7699
CHEMBL1149	10917
CHEMBL1546	3651
CHEMBL1064	54454
CHEMBL2103875	11707110
CHEMBL1750	119182
CHEMBL428647	36314
CHEMBL141446	9844
CHEMBL22	5578
CHEMBL877	5526
CHEMBL1201199	657181
CHEMBL503565	5284636
CHEMBL1201356	8226
CHEMBL1213252	2809
CHEMBL1437	439260
CHEMBL430	9571107
CHEMBL1648	3784
CHEMBL93	60490
CHEMBL30008	941361
CHEMBL42710	3314
CHEMBL973	54684141
CHEMBL632	9782
CHEMBL1200472	4999
CHEMBL704	4075
CHEMBL13341	4496
CHEMBL524004	4057
CHEMBL2105570	65858
CHEMBL7413	9034
CHEMBL3736368	6445788
CHEMBL301265	119570
CHEMBL1046	564
CHEMBL272080	3037209
CHEMBL916	60947
CHEMBL1709464	40113
CHEMBL1096	2161
CHEMBL72	2995
CHEMBL1488	6194
CHEMBL1201342	4167
CHEMBL1324	4659569
CHEMBL1396	170361
CHEMBL1908355	54683953
CHEMBL1200436	5878
CHEMBL1025	5936
CHEMBL1200438	5482
CHEMBL1237132	153994
CHEMBL127508	15723
CHEMBL363449	4410
CHEMBL746	50294
CHEMBL1024	3690
CHEMBL1372341	4846
CHEMBL1594	6613
CHEMBL541	243
CHEMBL1615775	27304
CHEMBL1201764	6918558
CHEMBL25146	2136
CHEMBL516	2913
CHEMBL397420	54676537
CHEMBL61593	2910
CHEMBL1362	28179
CHEMBL1582	6011
CHEMBL1547	1130
CHEMBL153479	2132
CHEMBL629	2160
CHEMBL14309	204163
CHEMBL66092	54677946
CHEMBL1819440	14257660
CHEMBL1201291	3742
CHEMBL1201012	15209
CHEMBL532	12560
CHEMBL2040681	17754356
CHEMBL1413	2749
CHEMBL1328	9853654
CHEMBL1201256	5577
CHEMBL507674	44187
CHEMBL478120	60651
CHEMBL1098	2474
CHEMBL505	2725
CHEMBL376140	54686904
CHEMBL1201358	2341
CHEMBL2216870	11625818
CHEMBL918	4753
CHEMBL187709	6536
CHEMBL1213490	49863499
CHEMBL2105720	53465279
CHEMBL27193	134044
CHEMBL1200673	166973
CHEMBL515	2708
CHEMBL1169	4649
CHEMBL87563	3447
CHEMBL285674	3261
CHEMBL517	3114
CHEMBL338802	5324
CHEMBL136737	39214
CHEMBL1510	77993
CHEMBL599	54677470
CHEMBL30	2756
CHEMBL585	5546
CHEMBL266481	44278361
CHEMBL956	5359
CHEMBL2096649	9915879
CHEMBL807	4054
CHEMBL1171086	24827068
CHEMBL1201863	9578005
CHEMBL459	38853
CHEMBL297362	5707
CHEMBL409803	10351092
CHEMBL2048028	11965427
CHEMBL128	5358
CHEMBL2106324	21678311
CHEMBL998	3957
CHEMBL113313	216208
CHEMBL496	3598
CHEMBL91	4189
CHEMBL101253	151194
CHEMBL1722501	4994
CHEMBL276568	5281006
CHEMBL750	11967800
CHEMBL858	6049
CHEMBL841	3955
CHEMBL225071	104758
CHEMBL481	60838
CHEMBL1201368	72022
CHEMBL1200802	8275
CHEMBL54661	5281881
CHEMBL376359	11450633
CHEMBL513	2578
CHEMBL198362	9875401
CHEMBL562318	11581936
CHEMBL299175	5581
CHEMBL1863513	6918670
CHEMBL1200709	688020
CHEMBL27769	10635
CHEMBL317052	219024
CHEMBL56337	1549120
CHEMBL1231871	280
CHEMBL1200623	13765
CHEMBL1085	17676
CHEMBL1184360	8708
CHEMBL191	3961
CHEMBL692	753
CHEMBL2146883	16222096
CHEMBL614	1046
CHEMBL1201255	25077993
CHEMBL1473	444036
CHEMBL1269025	10280735
CHEMBL456	3278
CHEMBL1685	3033053
CHEMBL2107254	2816
CHEMBL3343679	10176142
CHEMBL914	3348
CHEMBL1084926	25242324
CHEMBL2103827	92974
CHEMBL1378	5440
CHEMBL2110809	10240
CHEMBL1513	3749
CHEMBL231779	10182969
CHEMBL177756	3383
CHEMBL2374220	67505836
CHEMBL294199	1548943
CHEMBL222559	54682461
CHEMBL2103784	16133802
CHEMBL407135	44450615
CHEMBL1200368	6957673
CHEMBL601773	107715
CHEMBL1765291	5720
CHEMBL181	3019
CHEMBL1201247	5311128
CHEMBL666	3415
CHEMBL1235508	5313082
CHEMBL13	4171
CHEMBL1908360	6442177
CHEMBL468	5426
CHEMBL887	3052776
CHEMBL1755	151171
CHEMBL1420	5353894
CHEMBL902	5702160
CHEMBL661	2118
CHEMBL1469	4775
CHEMBL95	1935
CHEMBL1189432	5281071
CHEMBL1201054	66254
CHEMBL2103877	489181
CHEMBL1581	107807
CHEMBL530	36273
CHEMBL1566	444254
CHEMBL1422	4369359
CHEMBL1474900	4593
CHEMBL262777	14969
CHEMBL1752	3182
CHEMBL850	60464
CHEMBL420	5702063
CHEMBL1163	148192
CHEMBL19224	4680
CHEMBL991	18283
CHEMBL707	3157
CHEMBL1623992	4839
CHEMBL1407943	2782
CHEMBL416956	4046
CHEMBL1620144	4990
CHEMBL373081	3037206
CHEMBL1337	115355
CHEMBL188185	2472
CHEMBL70927	2972
CHEMBL1200357	441242
CHEMBL521	3672
CHEMBL554	208908
CHEMBL1201327	6806
CHEMBL1201406	14687
CHEMBL240597	10133
CHEMBL457547	477468
CHEMBL861	4060
CHEMBL1214	20824
CHEMBL178803	125564
CHEMBL1109	5335
CHEMBL1168	5362129
CHEMBL493682	5311064
CHEMBL473	71329
CHEMBL1201748	9854073
CHEMBL367463	4888
CHEMBL113	2519
CHEMBL583042	11634725
CHEMBL1477	446156
CHEMBL278398	11291
CHEMBL2051960	5360410
CHEMBL799	2754
CHEMBL1572	441306
CHEMBL1201293	71158
CHEMBL24828	3081361
CHEMBL1318150	71961
CHEMBL3039508	56837137
CHEMBL110458	176077
CHEMBL1201365	5464096
CHEMBL2111164	11499
CHEMBL154	156391
CHEMBL698	5411
CHEMBL1200649	5388937
CHEMBL6273	3357
CHEMBL127865	10782
CHEMBL254468	450601
CHEMBL438	5325
CHEMBL2368925	3033818
CHEMBL1051	5311221
CHEMBL1201354	20299
CHEMBL1201242	52195
CHEMBL1623	4034
CHEMBL1162144	1060
CHEMBL500	4828
CHEMBL1463	3366
CHEMBL434	3779
CHEMBL1201380	71415
CHEMBL1385514	5388959
CHEMBL1201244	441290
CHEMBL82970	6872
CHEMBL1619758	8367
CHEMBL2110802	11482
CHEMBL1251	16130957
CHEMBL32	152946
CHEMBL607400	9837243
CHEMBL1767408	148196
CHEMBL13280	3380
CHEMBL465	16078
CHEMBL700	5336
CHEMBL22097	13314
CHEMBL1697840	3032445
CHEMBL92	148124
CHEMBL439	5215
CHEMBL258918	15020
CHEMBL592943	5480
CHEMBL1200574	5234
CHEMBL656	5284603
CHEMBL1201341	10548
CHEMBL1201148	5284587
CHEMBL267548	4971
CHEMBL1515	1349907
CHEMBL1522	969472
CHEMBL695	5576
CHEMBL61946	6472
CHEMBL924	68740
CHEMBL1266	5419
CHEMBL1200733	42113
CHEMBL1194325	11434515
CHEMBL119	5583
CHEMBL575	6087
CHEMBL1090	21704
CHEMBL1595	5284543
CHEMBL13209	4506
CHEMBL358150	65777
CHEMBL1201340	6127
CHEMBL572964	1118
CHEMBL167731	134019
CHEMBL1908316	5895404
CHEMBL819	6196
CHEMBL506871	11960529
CHEMBL976	4891
CHEMBL1140	936
CHEMBL1200471	3005837
CHEMBL1197792	10304
CHEMBL384467	5743
CHEMBL15721	6478035
CHEMBL1295	47472
CHEMBL110	31593
CHEMBL386051	447077
CHEMBL1282	57469
CHEMBL1586	20469
CHEMBL1363	3083544
CHEMBL499	33624
CHEMBL1380	441300
CHEMBL112	1983
CHEMBL316004	32593
CHEMBL806	3397
CHEMBL325109	2780
CHEMBL11	3696
CHEMBL790	9552079
CHEMBL1731	656511
CHEMBL61	10607
CHEMBL1323	213039
CHEMBL1200851	10429215
CHEMBL502097	44564107
CHEMBL1657	5381
CHEMBL99946	6917779
CHEMBL447	5193
CHEMBL161	5479530
CHEMBL1388	7638
CHEMBL1201237	39468
CHEMBL1946170	11167602
CHEMBL502896	34001
CHEMBL52939	5160
CHEMBL463	2148
CHEMBL444633	6323490
CHEMBL81697	54685524
CHEMBL2110651	5473
CHEMBL1069	60846
CHEMBL826	3229
CHEMBL1206211	24749
CHEMBL182	3454
CHEMBL2104994	178039
CHEMBL1200559	612
CHEMBL1200424	164209
CHEMBL1760	5403
CHEMBL405	3007
CHEMBL1555183	134669
CHEMBL20	1986
CHEMBL628	4740
CHEMBL1201112	3011155
CHEMBL602	6058
CHEMBL1186579	5361918
CHEMBL607710	2724
CHEMBL525076	16130199
CHEMBL1201216	3033538
CHEMBL1238	2266
CHEMBL1201300	3737
CHEMBL511	4992
CHEMBL617	6024
CHEMBL407	3373
CHEMBL1754	3156
CHEMBL1321	4915
CHEMBL1276010	5634
CHEMBL1753	446598
CHEMBL1234886	977
CHEMBL44884	14052
CHEMBL1200455	3730
CHEMBL117287	3052762
CHEMBL582	3776
CHEMBL2111038	20294
CHEMBL1256	3763
CHEMBL1087	4062
CHEMBL88	2907
CHEMBL1453	4369270
CHEMBL2220442	5353627
CHEMBL404	123630
CHEMBL856	4909
CHEMBL1111	6918493
CHEMBL2146121	5460341
CHEMBL274323	5960
CHEMBL395110	6075
CHEMBL3391662	45110509
CHEMBL499808	2826718
CHEMBL1485	6322
CHEMBL2104426	70685100
CHEMBL1200686	6509979
CHEMBL70	5288826
CHEMBL111861	5867
CHEMBL1545	394397
CHEMBL1262	5353853
CHEMBL3545062	67683363
CHEMBL1201185	6918011
CHEMBL517712	174174
CHEMBL1570	5351
CHEMBL885	60877
CHEMBL1201387	5464097
CHEMBL1255800	10034073
CHEMBL437	5340
CHEMBL3353410	71496458
CHEMBL1200522	51040
CHEMBL593	5625
CHEMBL163	392622
CHEMBL527	54676228
CHEMBL479	5452
CHEMBL672	3339
CHEMBL222863	439501
CHEMBL1098319	598
